tid,attribute,correct_val
16,code,4104420010628
16,nuts,1
16,almondnuts,1
16,brazil_nuts,0
16,macadamia_nuts,0
16,hazelnut,0
16,pistachio,0
16,walnut,0
16,cashew,0
16,celery,0
16,crustaceans,0
16,eggs,0
16,fish,0
16,gluten,1
16,lupin,0
16,milk,0
16,molluscs,0
16,mustard,0
16,peanut,1
16,sesame,1
16,soy,0
16,sulfite,0
17,code,4104420010628
17,nuts,1
17,almondnuts,1
17,brazil_nuts,0
17,macadamia_nuts,0
17,hazelnut,0
17,pistachio,0
17,walnut,0
17,cashew,0
17,celery,0
17,crustaceans,0
17,eggs,0
17,fish,0
17,gluten,1
17,lupin,0
17,milk,0
17,molluscs,0
17,mustard,0
17,peanut,1
17,sesame,1
17,soy,0
17,sulfite,0
1090,code,4104420225770
1090,nuts,1
1090,almondnuts,1
1090,brazil_nuts,0
1090,macadamia_nuts,0
1090,hazelnut,0
1090,pistachio,0
1090,walnut,0
1090,cashew,0
1090,celery,0
1090,crustaceans,0
1090,eggs,1
1090,fish,0
1090,gluten,2
1090,lupin,0
1090,milk,1
1090,molluscs,0
1090,mustard,0
1090,peanut,0
1090,sesame,1
1090,soy,1
1090,sulfite,0
1091,code,4104420225770
1091,nuts,1
1091,almondnuts,1
1091,brazil_nuts,0
1091,macadamia_nuts,0
1091,hazelnut,0
1091,pistachio,0
1091,walnut,0
1091,cashew,0
1091,celery,0
1091,crustaceans,0
1091,eggs,1
1091,fish,0
1091,gluten,2
1091,lupin,0
1091,milk,1
1091,molluscs,0
1091,mustard,0
1091,peanut,0
1091,sesame,1
1091,soy,1
1091,sulfite,0
330,code,4104420053922
330,nuts,1
330,almondnuts,1
330,brazil_nuts,0
330,macadamia_nuts,0
330,hazelnut,0
330,pistachio,0
330,walnut,0
330,cashew,0
330,celery,0
330,crustaceans,0
330,eggs,1
330,fish,0
330,gluten,2
330,lupin,0
330,milk,2
330,molluscs,0
330,mustard,0
330,peanut,0
330,sesame,1
330,soy,1
330,sulfite,0
331,code,4104420053922
331,nuts,1
331,almondnuts,1
331,brazil_nuts,0
331,macadamia_nuts,0
331,hazelnut,0
331,pistachio,0
331,walnut,0
331,cashew,0
331,celery,0
331,crustaceans,0
331,eggs,1
331,fish,0
331,gluten,2
331,lupin,0
331,milk,2
331,molluscs,0
331,mustard,0
331,peanut,0
331,sesame,1
331,soy,1
331,sulfite,0
402,code,4104420060180
402,nuts,0
402,almondnuts,0
402,brazil_nuts,0
402,macadamia_nuts,0
402,hazelnut,0
402,pistachio,0
402,walnut,0
402,cashew,0
402,celery,0
402,crustaceans,0
402,eggs,0
402,fish,0
402,gluten,0
402,lupin,0
402,milk,0
402,molluscs,0
402,mustard,0
402,peanut,0
402,sesame,0
402,soy,0
402,sulfite,0
403,code,4104420060180
403,nuts,0
403,almondnuts,0
403,brazil_nuts,0
403,macadamia_nuts,0
403,hazelnut,0
403,pistachio,0
403,walnut,0
403,cashew,0
403,celery,0
403,crustaceans,0
403,eggs,0
403,fish,0
403,gluten,0
403,lupin,0
403,milk,0
403,molluscs,0
403,mustard,0
403,peanut,0
403,sesame,0
403,soy,0
403,sulfite,0
780,code,4104420182479
780,nuts,2
780,almondnuts,2
780,brazil_nuts,0
780,macadamia_nuts,1
780,hazelnut,1
780,pistachio,0
780,walnut,1
780,cashew,1
780,celery,0
780,crustaceans,0
780,eggs,0
780,fish,0
780,gluten,0
780,lupin,1
780,milk,1
780,molluscs,0
780,mustard,0
780,peanut,1
780,sesame,1
780,soy,0
780,sulfite,0
781,code,4104420182479
781,nuts,2
781,almondnuts,2
781,brazil_nuts,0
781,macadamia_nuts,1
781,hazelnut,1
781,pistachio,0
781,walnut,1
781,cashew,1
781,celery,0
781,crustaceans,0
781,eggs,0
781,fish,0
781,gluten,0
781,lupin,1
781,milk,1
781,molluscs,0
781,mustard,0
781,peanut,1
781,sesame,1
781,soy,0
781,sulfite,0
324,code,4104420053786
324,nuts,2
324,almondnuts,2
324,brazil_nuts,0
324,macadamia_nuts,0
324,hazelnut,0
324,pistachio,0
324,walnut,0
324,cashew,0
324,celery,0
324,crustaceans,0
324,eggs,2
324,fish,0
324,gluten,2
324,lupin,0
324,milk,2
324,molluscs,0
324,mustard,0
324,peanut,0
324,sesame,1
324,soy,1
324,sulfite,0
325,code,4104420053786
325,nuts,2
325,almondnuts,2
325,brazil_nuts,0
325,macadamia_nuts,0
325,hazelnut,0
325,pistachio,0
325,walnut,0
325,cashew,0
325,celery,0
325,crustaceans,0
325,eggs,2
325,fish,0
325,gluten,2
325,lupin,0
325,milk,2
325,molluscs,0
325,mustard,0
325,peanut,0
325,sesame,1
325,soy,1
325,sulfite,0
94,code,4104420018907
94,nuts,1
94,almondnuts,1
94,brazil_nuts,0
94,macadamia_nuts,0
94,hazelnut,0
94,pistachio,0
94,walnut,0
94,cashew,0
94,celery,0
94,crustaceans,0
94,eggs,0
94,fish,0
94,gluten,2
94,lupin,0
94,milk,2
94,molluscs,0
94,mustard,0
94,peanut,1
94,sesame,1
94,soy,1
94,sulfite,0
95,code,4104420018907
95,nuts,1
95,almondnuts,1
95,brazil_nuts,0
95,macadamia_nuts,0
95,hazelnut,0
95,pistachio,0
95,walnut,0
95,cashew,0
95,celery,0
95,crustaceans,0
95,eggs,0
95,fish,0
95,gluten,2
95,lupin,0
95,milk,2
95,molluscs,0
95,mustard,0
95,peanut,1
95,sesame,1
95,soy,1
95,sulfite,0
570,code,4104420137547
570,nuts,0
570,almondnuts,0
570,brazil_nuts,0
570,macadamia_nuts,0
570,hazelnut,0
570,pistachio,0
570,walnut,0
570,cashew,0
570,celery,0
570,crustaceans,0
570,eggs,0
570,fish,0
570,gluten,0
570,lupin,0
570,milk,2
570,molluscs,0
570,mustard,0
570,peanut,0
570,sesame,0
570,soy,0
570,sulfite,0
571,code,4104420137547
571,nuts,0
571,almondnuts,0
571,brazil_nuts,0
571,macadamia_nuts,0
571,hazelnut,0
571,pistachio,0
571,walnut,0
571,cashew,0
571,celery,0
571,crustaceans,0
571,eggs,0
571,fish,0
571,gluten,0
571,lupin,0
571,milk,2
571,molluscs,0
571,mustard,0
571,peanut,0
571,sesame,0
571,soy,0
571,sulfite,0
186,code,4104420028487
186,nuts,0
186,almondnuts,0
186,brazil_nuts,0
186,macadamia_nuts,0
186,hazelnut,0
186,pistachio,0
186,walnut,0
186,cashew,0
186,celery,1
186,crustaceans,0
186,eggs,0
186,fish,0
186,gluten,0
186,lupin,0
186,milk,0
186,molluscs,0
186,mustard,1
186,peanut,0
186,sesame,0
186,soy,0
186,sulfite,0
187,code,4104420028487
187,nuts,0
187,almondnuts,0
187,brazil_nuts,0
187,macadamia_nuts,0
187,hazelnut,0
187,pistachio,0
187,walnut,0
187,cashew,0
187,celery,1
187,crustaceans,0
187,eggs,0
187,fish,0
187,gluten,0
187,lupin,0
187,milk,0
187,molluscs,0
187,mustard,1
187,peanut,0
187,sesame,0
187,soy,0
187,sulfite,0
4,code,4104420006065
4,nuts,0
4,almondnuts,0
4,brazil_nuts,0
4,macadamia_nuts,0
4,hazelnut,0
4,pistachio,0
4,walnut,0
4,cashew,0
4,celery,0
4,crustaceans,0
4,eggs,1
4,fish,0
4,gluten,2
4,lupin,0
4,milk,0
4,molluscs,0
4,mustard,0
4,peanut,0
4,sesame,0
4,soy,1
4,sulfite,0
5,code,4104420006065
5,nuts,0
5,almondnuts,0
5,brazil_nuts,0
5,macadamia_nuts,0
5,hazelnut,0
5,pistachio,0
5,walnut,0
5,cashew,0
5,celery,0
5,crustaceans,0
5,eggs,1
5,fish,0
5,gluten,2
5,lupin,0
5,milk,0
5,molluscs,0
5,mustard,0
5,peanut,0
5,sesame,0
5,soy,1
5,sulfite,0
938,code,4104420214040
938,nuts,0
938,almondnuts,0
938,brazil_nuts,0
938,macadamia_nuts,0
938,hazelnut,0
938,pistachio,0
938,walnut,0
938,cashew,0
938,celery,0
938,crustaceans,0
938,eggs,0
938,fish,0
938,gluten,1
938,lupin,0
938,milk,0
938,molluscs,0
938,mustard,0
938,peanut,0
938,sesame,0
938,soy,0
938,sulfite,0
939,code,4104420214040
939,nuts,0
939,almondnuts,0
939,brazil_nuts,0
939,macadamia_nuts,0
939,hazelnut,0
939,pistachio,0
939,walnut,0
939,cashew,0
939,celery,0
939,crustaceans,0
939,eggs,0
939,fish,0
939,gluten,1
939,lupin,0
939,milk,0
939,molluscs,0
939,mustard,0
939,peanut,0
939,sesame,0
939,soy,0
939,sulfite,0
200,code,4104420030282
200,nuts,0
200,almondnuts,0
200,brazil_nuts,0
200,macadamia_nuts,0
200,hazelnut,0
200,pistachio,0
200,walnut,0
200,cashew,0
200,celery,1
200,crustaceans,0
200,eggs,0
200,fish,0
200,gluten,0
200,lupin,0
200,milk,0
200,molluscs,0
200,mustard,1
200,peanut,0
200,sesame,0
200,soy,0
200,sulfite,0
201,code,4104420030282
201,nuts,0
201,almondnuts,0
201,brazil_nuts,0
201,macadamia_nuts,0
201,hazelnut,0
201,pistachio,0
201,walnut,0
201,cashew,0
201,celery,1
201,crustaceans,0
201,eggs,0
201,fish,0
201,gluten,0
201,lupin,0
201,milk,0
201,molluscs,0
201,mustard,1
201,peanut,0
201,sesame,0
201,soy,0
201,sulfite,0
112,code,4104420020504
112,nuts,0
112,almondnuts,0
112,brazil_nuts,0
112,macadamia_nuts,0
112,hazelnut,0
112,pistachio,0
112,walnut,0
112,cashew,0
112,celery,2
112,crustaceans,0
112,eggs,0
112,fish,0
112,gluten,0
112,lupin,0
112,milk,0
112,molluscs,0
112,mustard,0
112,peanut,0
112,sesame,0
112,soy,0
112,sulfite,0
113,code,4104420020504
113,nuts,0
113,almondnuts,0
113,brazil_nuts,0
113,macadamia_nuts,0
113,hazelnut,0
113,pistachio,0
113,walnut,0
113,cashew,0
113,celery,2
113,crustaceans,0
113,eggs,0
113,fish,0
113,gluten,0
113,lupin,0
113,milk,0
113,molluscs,0
113,mustard,0
113,peanut,0
113,sesame,0
113,soy,0
113,sulfite,0
246,code,4104420037281
246,nuts,0
246,almondnuts,0
246,brazil_nuts,0
246,macadamia_nuts,0
246,hazelnut,0
246,pistachio,0
246,walnut,0
246,cashew,0
246,celery,0
246,crustaceans,0
246,eggs,0
246,fish,0
246,gluten,0
246,lupin,0
246,milk,0
246,molluscs,0
246,mustard,0
246,peanut,0
246,sesame,0
246,soy,0
246,sulfite,0
247,code,4104420037281
247,nuts,0
247,almondnuts,0
247,brazil_nuts,0
247,macadamia_nuts,0
247,hazelnut,0
247,pistachio,0
247,walnut,0
247,cashew,0
247,celery,0
247,crustaceans,0
247,eggs,0
247,fish,0
247,gluten,0
247,lupin,0
247,milk,0
247,molluscs,0
247,mustard,0
247,peanut,0
247,sesame,0
247,soy,0
247,sulfite,0
1034,code,4104420221833
1034,nuts,1
1034,almondnuts,1
1034,brazil_nuts,1
1034,macadamia_nuts,1
1034,hazelnut,1
1034,pistachio,1
1034,walnut,1
1034,cashew,1
1034,celery,0
1034,crustaceans,0
1034,eggs,0
1034,fish,0
1034,gluten,2
1034,lupin,0
1034,milk,1
1034,molluscs,0
1034,mustard,0
1034,peanut,0
1034,sesame,0
1034,soy,1
1034,sulfite,0
1035,code,4104420221833
1035,nuts,1
1035,almondnuts,1
1035,brazil_nuts,1
1035,macadamia_nuts,1
1035,hazelnut,1
1035,pistachio,1
1035,walnut,1
1035,cashew,1
1035,celery,0
1035,crustaceans,0
1035,eggs,0
1035,fish,0
1035,gluten,2
1035,lupin,0
1035,milk,1
1035,molluscs,0
1035,mustard,0
1035,peanut,0
1035,sesame,0
1035,soy,1
1035,sulfite,0
64,code,4104420016545
64,nuts,0
64,almondnuts,0
64,brazil_nuts,0
64,macadamia_nuts,0
64,hazelnut,0
64,pistachio,0
64,walnut,0
64,cashew,0
64,celery,0
64,crustaceans,0
64,eggs,0
64,fish,0
64,gluten,2
64,lupin,1
64,milk,0
64,molluscs,0
64,mustard,0
64,peanut,0
64,sesame,0
64,soy,1
64,sulfite,0
65,code,4104420016545
65,nuts,0
65,almondnuts,0
65,brazil_nuts,0
65,macadamia_nuts,0
65,hazelnut,0
65,pistachio,0
65,walnut,0
65,cashew,0
65,celery,0
65,crustaceans,0
65,eggs,0
65,fish,0
65,gluten,2
65,lupin,1
65,milk,0
65,molluscs,0
65,mustard,0
65,peanut,0
65,sesame,0
65,soy,1
65,sulfite,0
840,code,4104420204041
840,nuts,0
840,almondnuts,0
840,brazil_nuts,0
840,macadamia_nuts,0
840,hazelnut,0
840,pistachio,0
840,walnut,0
840,cashew,0
840,celery,0
840,crustaceans,0
840,eggs,0
840,fish,0
840,gluten,0
840,lupin,0
840,milk,0
840,molluscs,0
840,mustard,0
840,peanut,0
840,sesame,0
840,soy,0
840,sulfite,0
841,code,4104420204041
841,nuts,0
841,almondnuts,0
841,brazil_nuts,0
841,macadamia_nuts,0
841,hazelnut,0
841,pistachio,0
841,walnut,0
841,cashew,0
841,celery,0
841,crustaceans,0
841,eggs,0
841,fish,0
841,gluten,0
841,lupin,0
841,milk,0
841,molluscs,0
841,mustard,0
841,peanut,0
841,sesame,0
841,soy,0
841,sulfite,0
444,code,4104420074903
444,nuts,0
444,almondnuts,0
444,brazil_nuts,0
444,macadamia_nuts,0
444,hazelnut,0
444,pistachio,0
444,walnut,0
444,cashew,0
444,celery,0
444,crustaceans,0
444,eggs,0
444,fish,0
444,gluten,0
444,lupin,0
444,milk,2
444,molluscs,0
444,mustard,0
444,peanut,0
444,sesame,0
444,soy,0
444,sulfite,0
445,code,4104420074903
445,nuts,0
445,almondnuts,0
445,brazil_nuts,0
445,macadamia_nuts,0
445,hazelnut,0
445,pistachio,0
445,walnut,0
445,cashew,0
445,celery,0
445,crustaceans,0
445,eggs,0
445,fish,0
445,gluten,0
445,lupin,0
445,milk,2
445,molluscs,0
445,mustard,0
445,peanut,0
445,sesame,0
445,soy,0
445,sulfite,0
164,code,4104420025929
164,nuts,0
164,almondnuts,0
164,brazil_nuts,0
164,macadamia_nuts,0
164,hazelnut,0
164,pistachio,0
164,walnut,0
164,cashew,0
164,celery,0
164,crustaceans,0
164,eggs,0
164,fish,0
164,gluten,0
164,lupin,0
164,milk,0
164,molluscs,0
164,mustard,0
164,peanut,0
164,sesame,0
164,soy,0
164,sulfite,0
165,code,4104420025929
165,nuts,0
165,almondnuts,0
165,brazil_nuts,0
165,macadamia_nuts,0
165,hazelnut,0
165,pistachio,0
165,walnut,0
165,cashew,0
165,celery,0
165,crustaceans,0
165,eggs,0
165,fish,0
165,gluten,0
165,lupin,0
165,milk,0
165,molluscs,0
165,mustard,0
165,peanut,0
165,sesame,0
165,soy,0
165,sulfite,0
1130,code,42256199
1130,nuts,1
1130,almondnuts,1
1130,brazil_nuts,0
1130,macadamia_nuts,0
1130,hazelnut,0
1130,pistachio,0
1130,walnut,0
1130,cashew,0
1130,celery,0
1130,crustaceans,0
1130,eggs,0
1130,fish,0
1130,gluten,0
1130,lupin,0
1130,milk,0
1130,molluscs,0
1130,mustard,1
1130,peanut,0
1130,sesame,0
1130,soy,1
1130,sulfite,0
1131,code,42256199
1131,nuts,1
1131,almondnuts,1
1131,brazil_nuts,0
1131,macadamia_nuts,0
1131,hazelnut,0
1131,pistachio,0
1131,walnut,0
1131,cashew,0
1131,celery,0
1131,crustaceans,0
1131,eggs,0
1131,fish,0
1131,gluten,0
1131,lupin,0
1131,milk,0
1131,molluscs,0
1131,mustard,1
1131,peanut,0
1131,sesame,0
1131,soy,1
1131,sulfite,0
476,code,4104420080423
476,nuts,0
476,almondnuts,0
476,brazil_nuts,0
476,macadamia_nuts,0
476,hazelnut,0
476,pistachio,0
476,walnut,0
476,cashew,0
476,celery,0
476,crustaceans,0
476,eggs,0
476,fish,0
476,gluten,0
476,lupin,0
476,milk,0
476,molluscs,0
476,mustard,0
476,peanut,0
476,sesame,0
476,soy,0
476,sulfite,0
477,code,4104420080423
477,nuts,0
477,almondnuts,0
477,brazil_nuts,0
477,macadamia_nuts,0
477,hazelnut,0
477,pistachio,0
477,walnut,0
477,cashew,0
477,celery,0
477,crustaceans,0
477,eggs,0
477,fish,0
477,gluten,0
477,lupin,0
477,milk,0
477,molluscs,0
477,mustard,0
477,peanut,0
477,sesame,0
477,soy,0
477,sulfite,0
978,code,4104420218536
978,nuts,1
978,almondnuts,1
978,brazil_nuts,0
978,macadamia_nuts,0
978,hazelnut,0
978,pistachio,0
978,walnut,0
978,cashew,0
978,celery,0
978,crustaceans,0
978,eggs,1
978,fish,0
978,gluten,2
978,lupin,0
978,milk,1
978,molluscs,0
978,mustard,0
978,peanut,0
978,sesame,1
978,soy,1
978,sulfite,0
979,code,4104420218536
979,nuts,1
979,almondnuts,1
979,brazil_nuts,0
979,macadamia_nuts,0
979,hazelnut,0
979,pistachio,0
979,walnut,0
979,cashew,0
979,celery,0
979,crustaceans,0
979,eggs,1
979,fish,0
979,gluten,2
979,lupin,0
979,milk,1
979,molluscs,0
979,mustard,0
979,peanut,0
979,sesame,1
979,soy,1
979,sulfite,0
602,code,4104420140929
602,nuts,0
602,almondnuts,0
602,brazil_nuts,0
602,macadamia_nuts,0
602,hazelnut,0
602,pistachio,0
602,walnut,0
602,cashew,0
602,celery,0
602,crustaceans,0
602,eggs,0
602,fish,0
602,gluten,0
602,lupin,0
602,milk,2
602,molluscs,0
602,mustard,0
602,peanut,0
602,sesame,0
602,soy,0
602,sulfite,0
603,code,4104420140929
603,nuts,0
603,almondnuts,0
603,brazil_nuts,0
603,macadamia_nuts,0
603,hazelnut,0
603,pistachio,0
603,walnut,0
603,cashew,0
603,celery,0
603,crustaceans,0
603,eggs,0
603,fish,0
603,gluten,0
603,lupin,0
603,milk,2
603,molluscs,0
603,mustard,0
603,peanut,0
603,sesame,0
603,soy,0
603,sulfite,0
1012,code,4104420220713
1012,nuts,1
1012,almondnuts,1
1012,brazil_nuts,0
1012,macadamia_nuts,1
1012,hazelnut,1
1012,pistachio,0
1012,walnut,1
1012,cashew,1
1012,celery,0
1012,crustaceans,0
1012,eggs,0
1012,fish,0
1012,gluten,0
1012,lupin,1
1012,milk,1
1012,molluscs,0
1012,mustard,0
1012,peanut,2
1012,sesame,1
1012,soy,0
1012,sulfite,0
1013,code,4104420220713
1013,nuts,1
1013,almondnuts,1
1013,brazil_nuts,0
1013,macadamia_nuts,1
1013,hazelnut,1
1013,pistachio,0
1013,walnut,1
1013,cashew,1
1013,celery,0
1013,crustaceans,0
1013,eggs,0
1013,fish,0
1013,gluten,0
1013,lupin,1
1013,milk,1
1013,molluscs,0
1013,mustard,0
1013,peanut,2
1013,sesame,1
1013,soy,0
1013,sulfite,0
54,code,4104420016149
54,nuts,0
54,almondnuts,0
54,brazil_nuts,0
54,macadamia_nuts,0
54,hazelnut,0
54,pistachio,0
54,walnut,0
54,cashew,0
54,celery,0
54,crustaceans,0
54,eggs,0
54,fish,0
54,gluten,2
54,lupin,1
54,milk,0
54,molluscs,0
54,mustard,0
54,peanut,0
54,sesame,0
54,soy,1
54,sulfite,0
55,code,4104420016149
55,nuts,0
55,almondnuts,0
55,brazil_nuts,0
55,macadamia_nuts,0
55,hazelnut,0
55,pistachio,0
55,walnut,0
55,cashew,0
55,celery,0
55,crustaceans,0
55,eggs,0
55,fish,0
55,gluten,2
55,lupin,1
55,milk,0
55,molluscs,0
55,mustard,0
55,peanut,0
55,sesame,0
55,soy,1
55,sulfite,0
162,code,4104420025721
162,nuts,1
162,almondnuts,1
162,brazil_nuts,0
162,macadamia_nuts,0
162,hazelnut,0
162,pistachio,0
162,walnut,0
162,cashew,0
162,celery,0
162,crustaceans,0
162,eggs,0
162,fish,0
162,gluten,0
162,lupin,0
162,milk,0
162,molluscs,0
162,mustard,0
162,peanut,2
162,sesame,0
162,soy,0
162,sulfite,0
163,code,4104420025721
163,nuts,1
163,almondnuts,1
163,brazil_nuts,0
163,macadamia_nuts,0
163,hazelnut,0
163,pistachio,0
163,walnut,0
163,cashew,0
163,celery,0
163,crustaceans,0
163,eggs,0
163,fish,0
163,gluten,0
163,lupin,0
163,milk,0
163,molluscs,0
163,mustard,0
163,peanut,2
163,sesame,0
163,soy,0
163,sulfite,0
668,code,4104420145900
668,nuts,0
668,almondnuts,0
668,brazil_nuts,0
668,macadamia_nuts,0
668,hazelnut,0
668,pistachio,0
668,walnut,0
668,cashew,0
668,celery,0
668,crustaceans,0
668,eggs,0
668,fish,0
668,gluten,0
668,lupin,0
668,milk,0
668,molluscs,0
668,mustard,0
668,peanut,0
668,sesame,0
668,soy,0
668,sulfite,0
669,code,4104420145900
669,nuts,0
669,almondnuts,0
669,brazil_nuts,0
669,macadamia_nuts,0
669,hazelnut,0
669,pistachio,0
669,walnut,0
669,cashew,0
669,celery,0
669,crustaceans,0
669,eggs,0
669,fish,0
669,gluten,0
669,lupin,0
669,milk,0
669,molluscs,0
669,mustard,0
669,peanut,0
669,sesame,0
669,soy,0
669,sulfite,0
696,code,4104420173279
696,nuts,0
696,almondnuts,0
696,brazil_nuts,0
696,macadamia_nuts,0
696,hazelnut,0
696,pistachio,0
696,walnut,0
696,cashew,0
696,celery,0
696,crustaceans,0
696,eggs,0
696,fish,0
696,gluten,0
696,lupin,0
696,milk,0
696,molluscs,0
696,mustard,2
696,peanut,0
696,sesame,0
696,soy,0
696,sulfite,0
697,code,4104420173279
697,nuts,0
697,almondnuts,0
697,brazil_nuts,0
697,macadamia_nuts,0
697,hazelnut,0
697,pistachio,0
697,walnut,0
697,cashew,0
697,celery,0
697,crustaceans,0
697,eggs,0
697,fish,0
697,gluten,0
697,lupin,0
697,milk,0
697,molluscs,0
697,mustard,2
697,peanut,0
697,sesame,0
697,soy,0
697,sulfite,0
762,code,4104420181007
762,nuts,1
762,almondnuts,1
762,brazil_nuts,0
762,macadamia_nuts,0
762,hazelnut,0
762,pistachio,0
762,walnut,0
762,cashew,0
762,celery,0
762,crustaceans,0
762,eggs,0
762,fish,0
762,gluten,2
762,lupin,0
762,milk,1
762,molluscs,0
762,mustard,0
762,peanut,0
762,sesame,1
762,soy,1
762,sulfite,0
763,code,4104420181007
763,nuts,1
763,almondnuts,1
763,brazil_nuts,0
763,macadamia_nuts,0
763,hazelnut,0
763,pistachio,0
763,walnut,0
763,cashew,0
763,celery,0
763,crustaceans,0
763,eggs,0
763,fish,0
763,gluten,2
763,lupin,0
763,milk,1
763,molluscs,0
763,mustard,0
763,peanut,0
763,sesame,1
763,soy,1
763,sulfite,0
12,code,4104420007987
12,nuts,2
12,almondnuts,2
12,brazil_nuts,0
12,macadamia_nuts,0
12,hazelnut,2
12,pistachio,1
12,walnut,1
12,cashew,0
12,celery,0
12,crustaceans,0
12,eggs,2
12,fish,0
12,gluten,2
12,lupin,2
12,milk,1
12,molluscs,0
12,mustard,0
12,peanut,0
12,sesame,0
12,soy,1
12,sulfite,0
13,code,4104420007987
13,nuts,2
13,almondnuts,2
13,brazil_nuts,0
13,macadamia_nuts,0
13,hazelnut,2
13,pistachio,1
13,walnut,1
13,cashew,0
13,celery,0
13,crustaceans,0
13,eggs,2
13,fish,0
13,gluten,2
13,lupin,2
13,milk,1
13,molluscs,0
13,mustard,0
13,peanut,0
13,sesame,0
13,soy,1
13,sulfite,0
128,code,4104420022683
128,nuts,1
128,almondnuts,1
128,brazil_nuts,0
128,macadamia_nuts,0
128,hazelnut,0
128,pistachio,0
128,walnut,0
128,cashew,0
128,celery,0
128,crustaceans,0
128,eggs,0
128,fish,0
128,gluten,1
128,lupin,0
128,milk,0
128,molluscs,0
128,mustard,0
128,peanut,1
128,sesame,1
128,soy,1
128,sulfite,0
129,code,4104420022683
129,nuts,1
129,almondnuts,1
129,brazil_nuts,0
129,macadamia_nuts,0
129,hazelnut,0
129,pistachio,0
129,walnut,0
129,cashew,0
129,celery,0
129,crustaceans,0
129,eggs,0
129,fish,0
129,gluten,1
129,lupin,0
129,milk,0
129,molluscs,0
129,mustard,0
129,peanut,1
129,sesame,1
129,soy,1
129,sulfite,0
44,code,4104420015289
44,nuts,1
44,almondnuts,1
44,brazil_nuts,0
44,macadamia_nuts,0
44,hazelnut,0
44,pistachio,0
44,walnut,0
44,cashew,0
44,celery,0
44,crustaceans,0
44,eggs,0
44,fish,0
44,gluten,0
44,lupin,0
44,milk,0
44,molluscs,0
44,mustard,0
44,peanut,1
44,sesame,0
44,soy,0
44,sulfite,0
45,code,4104420015289
45,nuts,1
45,almondnuts,1
45,brazil_nuts,0
45,macadamia_nuts,0
45,hazelnut,0
45,pistachio,0
45,walnut,0
45,cashew,0
45,celery,0
45,crustaceans,0
45,eggs,0
45,fish,0
45,gluten,0
45,lupin,0
45,milk,0
45,molluscs,0
45,mustard,0
45,peanut,1
45,sesame,0
45,soy,0
45,sulfite,0
1064,code,4104420223530
1064,nuts,0
1064,almondnuts,0
1064,brazil_nuts,0
1064,macadamia_nuts,0
1064,hazelnut,0
1064,pistachio,0
1064,walnut,0
1064,cashew,0
1064,celery,0
1064,crustaceans,0
1064,eggs,0
1064,fish,0
1064,gluten,0
1064,lupin,0
1064,milk,0
1064,molluscs,0
1064,mustard,0
1064,peanut,0
1064,sesame,0
1064,soy,0
1064,sulfite,0
1065,code,4104420223530
1065,nuts,0
1065,almondnuts,0
1065,brazil_nuts,0
1065,macadamia_nuts,0
1065,hazelnut,0
1065,pistachio,0
1065,walnut,0
1065,cashew,0
1065,celery,0
1065,crustaceans,0
1065,eggs,0
1065,fish,0
1065,gluten,0
1065,lupin,0
1065,milk,0
1065,molluscs,0
1065,mustard,0
1065,peanut,0
1065,sesame,0
1065,soy,0
1065,sulfite,0
670,code,4104420145962
670,nuts,1
670,almondnuts,1
670,brazil_nuts,0
670,macadamia_nuts,0
670,hazelnut,0
670,pistachio,0
670,walnut,0
670,cashew,0
670,celery,0
670,crustaceans,0
670,eggs,1
670,fish,0
670,gluten,2
670,lupin,0
670,milk,1
670,molluscs,0
670,mustard,0
670,peanut,0
670,sesame,2
670,soy,1
670,sulfite,0
671,code,4104420145962
671,nuts,1
671,almondnuts,1
671,brazil_nuts,0
671,macadamia_nuts,0
671,hazelnut,0
671,pistachio,0
671,walnut,0
671,cashew,0
671,celery,0
671,crustaceans,0
671,eggs,1
671,fish,0
671,gluten,2
671,lupin,0
671,milk,1
671,molluscs,0
671,mustard,0
671,peanut,0
671,sesame,2
671,soy,1
671,sulfite,0
880,code,4104420208247
880,nuts,0
880,almondnuts,0
880,brazil_nuts,0
880,macadamia_nuts,0
880,hazelnut,0
880,pistachio,0
880,walnut,0
880,cashew,0
880,celery,0
880,crustaceans,0
880,eggs,0
880,fish,0
880,gluten,0
880,lupin,0
880,milk,0
880,molluscs,0
880,mustard,0
880,peanut,0
880,sesame,1
880,soy,0
880,sulfite,0
881,code,4104420208247
881,nuts,0
881,almondnuts,0
881,brazil_nuts,0
881,macadamia_nuts,0
881,hazelnut,0
881,pistachio,0
881,walnut,0
881,cashew,0
881,celery,0
881,crustaceans,0
881,eggs,0
881,fish,0
881,gluten,0
881,lupin,0
881,milk,0
881,molluscs,0
881,mustard,0
881,peanut,0
881,sesame,1
881,soy,0
881,sulfite,0
108,code,4104420020443
108,nuts,0
108,almondnuts,0
108,brazil_nuts,0
108,macadamia_nuts,0
108,hazelnut,0
108,pistachio,0
108,walnut,0
108,cashew,0
108,celery,1
108,crustaceans,0
108,eggs,1
108,fish,0
108,gluten,2
108,lupin,0
108,milk,1
108,molluscs,0
108,mustard,1
108,peanut,0
108,sesame,0
108,soy,1
108,sulfite,0
109,code,4104420020443
109,nuts,0
109,almondnuts,0
109,brazil_nuts,0
109,macadamia_nuts,0
109,hazelnut,0
109,pistachio,0
109,walnut,0
109,cashew,0
109,celery,1
109,crustaceans,0
109,eggs,1
109,fish,0
109,gluten,2
109,lupin,0
109,milk,1
109,molluscs,0
109,mustard,1
109,peanut,0
109,sesame,0
109,soy,1
109,sulfite,0
448,code,4104420076907
448,nuts,0
448,almondnuts,0
448,brazil_nuts,0
448,macadamia_nuts,0
448,hazelnut,0
448,pistachio,0
448,walnut,0
448,cashew,0
448,celery,0
448,crustaceans,0
448,eggs,0
448,fish,0
448,gluten,0
448,lupin,0
448,milk,2
448,molluscs,0
448,mustard,0
448,peanut,0
448,sesame,0
448,soy,0
448,sulfite,0
449,code,4104420076907
449,nuts,0
449,almondnuts,0
449,brazil_nuts,0
449,macadamia_nuts,0
449,hazelnut,0
449,pistachio,0
449,walnut,0
449,cashew,0
449,celery,0
449,crustaceans,0
449,eggs,0
449,fish,0
449,gluten,0
449,lupin,0
449,milk,2
449,molluscs,0
449,mustard,0
449,peanut,0
449,sesame,0
449,soy,0
449,sulfite,0
790,code,4104420183223
790,nuts,1
790,almondnuts,0
790,brazil_nuts,0
790,macadamia_nuts,0
790,hazelnut,1
790,pistachio,1
790,walnut,0
790,cashew,0
790,celery,0
790,crustaceans,0
790,eggs,2
790,fish,0
790,gluten,2
790,lupin,0
790,milk,2
790,molluscs,0
790,mustard,0
790,peanut,0
790,sesame,0
790,soy,1
790,sulfite,0
791,code,4104420183223
791,nuts,1
791,almondnuts,0
791,brazil_nuts,0
791,macadamia_nuts,0
791,hazelnut,1
791,pistachio,1
791,walnut,0
791,cashew,0
791,celery,0
791,crustaceans,0
791,eggs,2
791,fish,0
791,gluten,2
791,lupin,0
791,milk,2
791,molluscs,0
791,mustard,0
791,peanut,0
791,sesame,0
791,soy,1
791,sulfite,0
806,code,4104420184497
806,nuts,1
806,almondnuts,1
806,brazil_nuts,0
806,macadamia_nuts,0
806,hazelnut,0
806,pistachio,0
806,walnut,0
806,cashew,0
806,celery,0
806,crustaceans,0
806,eggs,0
806,fish,0
806,gluten,0
806,lupin,1
806,milk,1
806,molluscs,0
806,mustard,0
806,peanut,1
806,sesame,1
806,soy,1
806,sulfite,0
807,code,4104420184497
807,nuts,1
807,almondnuts,1
807,brazil_nuts,0
807,macadamia_nuts,0
807,hazelnut,0
807,pistachio,0
807,walnut,0
807,cashew,0
807,celery,0
807,crustaceans,0
807,eggs,0
807,fish,0
807,gluten,0
807,lupin,1
807,milk,1
807,molluscs,0
807,mustard,0
807,peanut,1
807,sesame,1
807,soy,1
807,sulfite,0
540,code,4104420134607
540,nuts,1
540,almondnuts,1
540,brazil_nuts,0
540,macadamia_nuts,0
540,hazelnut,0
540,pistachio,0
540,walnut,0
540,cashew,0
540,celery,1
540,crustaceans,0
540,eggs,1
540,fish,0
540,gluten,2
540,lupin,0
540,milk,1
540,molluscs,0
540,mustard,0
540,peanut,0
540,sesame,1
540,soy,1
540,sulfite,0
541,code,4104420134607
541,nuts,1
541,almondnuts,1
541,brazil_nuts,0
541,macadamia_nuts,0
541,hazelnut,0
541,pistachio,0
541,walnut,0
541,cashew,0
541,celery,1
541,crustaceans,0
541,eggs,1
541,fish,0
541,gluten,2
541,lupin,0
541,milk,1
541,molluscs,0
541,mustard,0
541,peanut,0
541,sesame,1
541,soy,1
541,sulfite,0
1028,code,4104420221710
1028,nuts,1
1028,almondnuts,1
1028,brazil_nuts,0
1028,macadamia_nuts,0
1028,hazelnut,0
1028,pistachio,0
1028,walnut,0
1028,cashew,1
1028,celery,0
1028,crustaceans,0
1028,eggs,0
1028,fish,0
1028,gluten,0
1028,lupin,0
1028,milk,0
1028,molluscs,0
1028,mustard,0
1028,peanut,0
1028,sesame,1
1028,soy,1
1028,sulfite,0
1029,code,4104420221710
1029,nuts,1
1029,almondnuts,1
1029,brazil_nuts,0
1029,macadamia_nuts,0
1029,hazelnut,0
1029,pistachio,0
1029,walnut,0
1029,cashew,1
1029,celery,0
1029,crustaceans,0
1029,eggs,0
1029,fish,0
1029,gluten,0
1029,lupin,0
1029,milk,0
1029,molluscs,0
1029,mustard,0
1029,peanut,0
1029,sesame,1
1029,soy,1
1029,sulfite,0
152,code,4104420024960
152,nuts,2
152,almondnuts,1
152,brazil_nuts,0
152,macadamia_nuts,0
152,hazelnut,0
152,pistachio,0
152,walnut,0
152,cashew,2
152,celery,0
152,crustaceans,0
152,eggs,0
152,fish,0
152,gluten,0
152,lupin,0
152,milk,0
152,molluscs,0
152,mustard,0
152,peanut,1
152,sesame,0
152,soy,0
152,sulfite,0
153,code,4104420024960
153,nuts,2
153,almondnuts,1
153,brazil_nuts,0
153,macadamia_nuts,0
153,hazelnut,0
153,pistachio,0
153,walnut,0
153,cashew,2
153,celery,0
153,crustaceans,0
153,eggs,0
153,fish,0
153,gluten,0
153,lupin,0
153,milk,0
153,molluscs,0
153,mustard,0
153,peanut,1
153,sesame,0
153,soy,0
153,sulfite,0
198,code,4104420030220
198,nuts,0
198,almondnuts,0
198,brazil_nuts,0
198,macadamia_nuts,0
198,hazelnut,0
198,pistachio,0
198,walnut,0
198,cashew,0
198,celery,0
198,crustaceans,0
198,eggs,0
198,fish,0
198,gluten,0
198,lupin,0
198,milk,0
198,molluscs,0
198,mustard,0
198,peanut,0
198,sesame,0
198,soy,0
198,sulfite,0
199,code,4104420030220
199,nuts,0
199,almondnuts,0
199,brazil_nuts,0
199,macadamia_nuts,0
199,hazelnut,0
199,pistachio,0
199,walnut,0
199,cashew,0
199,celery,0
199,crustaceans,0
199,eggs,0
199,fish,0
199,gluten,0
199,lupin,0
199,milk,0
199,molluscs,0
199,mustard,0
199,peanut,0
199,sesame,0
199,soy,0
199,sulfite,0
576,code,4104420137905
576,nuts,2
576,almondnuts,2
576,brazil_nuts,0
576,macadamia_nuts,0
576,hazelnut,0
576,pistachio,0
576,walnut,0
576,cashew,0
576,celery,1
576,crustaceans,0
576,eggs,0
576,fish,0
576,gluten,2
576,lupin,0
576,milk,1
576,molluscs,0
576,mustard,0
576,peanut,0
576,sesame,1
576,soy,1
576,sulfite,0
577,code,4104420137905
577,nuts,2
577,almondnuts,2
577,brazil_nuts,0
577,macadamia_nuts,0
577,hazelnut,0
577,pistachio,0
577,walnut,0
577,cashew,0
577,celery,1
577,crustaceans,0
577,eggs,0
577,fish,0
577,gluten,2
577,lupin,0
577,milk,1
577,molluscs,0
577,mustard,0
577,peanut,0
577,sesame,1
577,soy,1
577,sulfite,0
338,code,4104420054363
338,nuts,1
338,almondnuts,0
338,brazil_nuts,0
338,macadamia_nuts,0
338,hazelnut,0
338,pistachio,0
338,walnut,0
338,cashew,0
338,celery,0
338,crustaceans,0
338,eggs,0
338,fish,0
338,gluten,0
338,lupin,0
338,milk,2
338,molluscs,0
338,mustard,0
338,peanut,0
338,sesame,2
338,soy,1
338,sulfite,0
339,code,4104420054363
339,nuts,1
339,almondnuts,0
339,brazil_nuts,0
339,macadamia_nuts,0
339,hazelnut,0
339,pistachio,0
339,walnut,0
339,cashew,0
339,celery,0
339,crustaceans,0
339,eggs,0
339,fish,0
339,gluten,0
339,lupin,0
339,milk,2
339,molluscs,0
339,mustard,0
339,peanut,0
339,sesame,2
339,soy,1
339,sulfite,0
256,code,4104420037526
256,nuts,2
256,almondnuts,0
256,brazil_nuts,0
256,macadamia_nuts,0
256,hazelnut,0
256,pistachio,0
256,walnut,0
256,cashew,2
256,celery,0
256,crustaceans,0
256,eggs,0
256,fish,0
256,gluten,0
256,lupin,0
256,milk,0
256,molluscs,0
256,mustard,0
256,peanut,0
256,sesame,0
256,soy,0
256,sulfite,0
257,code,4104420037526
257,nuts,2
257,almondnuts,0
257,brazil_nuts,0
257,macadamia_nuts,0
257,hazelnut,0
257,pistachio,0
257,walnut,0
257,cashew,2
257,celery,0
257,crustaceans,0
257,eggs,0
257,fish,0
257,gluten,0
257,lupin,0
257,milk,0
257,molluscs,0
257,mustard,0
257,peanut,0
257,sesame,0
257,soy,0
257,sulfite,0
172,code,4104420028289
172,nuts,0
172,almondnuts,0
172,brazil_nuts,0
172,macadamia_nuts,0
172,hazelnut,0
172,pistachio,0
172,walnut,0
172,cashew,0
172,celery,1
172,crustaceans,0
172,eggs,0
172,fish,0
172,gluten,0
172,lupin,0
172,milk,0
172,molluscs,0
172,mustard,1
172,peanut,0
172,sesame,0
172,soy,0
172,sulfite,0
173,code,4104420028289
173,nuts,0
173,almondnuts,0
173,brazil_nuts,0
173,macadamia_nuts,0
173,hazelnut,0
173,pistachio,0
173,walnut,0
173,cashew,0
173,celery,1
173,crustaceans,0
173,eggs,0
173,fish,0
173,gluten,0
173,lupin,0
173,milk,0
173,molluscs,0
173,mustard,1
173,peanut,0
173,sesame,0
173,soy,0
173,sulfite,0
652,code,4104420144149
652,nuts,1
652,almondnuts,1
652,brazil_nuts,1
652,macadamia_nuts,0
652,hazelnut,1
652,pistachio,0
652,walnut,1
652,cashew,1
652,celery,0
652,crustaceans,0
652,eggs,0
652,fish,0
652,gluten,1
652,lupin,0
652,milk,1
652,molluscs,0
652,mustard,0
652,peanut,0
652,sesame,1
652,soy,1
652,sulfite,0
653,code,4104420144149
653,nuts,1
653,almondnuts,1
653,brazil_nuts,1
653,macadamia_nuts,0
653,hazelnut,1
653,pistachio,0
653,walnut,1
653,cashew,1
653,celery,0
653,crustaceans,0
653,eggs,0
653,fish,0
653,gluten,1
653,lupin,0
653,milk,1
653,molluscs,0
653,mustard,0
653,peanut,0
653,sesame,1
653,soy,1
653,sulfite,0
740,code,4104420179189
740,nuts,2
740,almondnuts,2
740,brazil_nuts,0
740,macadamia_nuts,0
740,hazelnut,0
740,pistachio,0
740,walnut,0
740,cashew,0
740,celery,0
740,crustaceans,0
740,eggs,0
740,fish,0
740,gluten,1
740,lupin,0
740,milk,2
740,molluscs,0
740,mustard,0
740,peanut,0
740,sesame,1
740,soy,1
740,sulfite,0
741,code,4104420179189
741,nuts,2
741,almondnuts,2
741,brazil_nuts,0
741,macadamia_nuts,0
741,hazelnut,0
741,pistachio,0
741,walnut,0
741,cashew,0
741,celery,0
741,crustaceans,0
741,eggs,0
741,fish,0
741,gluten,1
741,lupin,0
741,milk,2
741,molluscs,0
741,mustard,0
741,peanut,0
741,sesame,1
741,soy,1
741,sulfite,0
1146,code,42330660
1146,nuts,0
1146,almondnuts,0
1146,brazil_nuts,0
1146,macadamia_nuts,0
1146,hazelnut,0
1146,pistachio,0
1146,walnut,0
1146,cashew,0
1146,celery,0
1146,crustaceans,0
1146,eggs,0
1146,fish,0
1146,gluten,2
1146,lupin,0
1146,milk,0
1146,molluscs,0
1146,mustard,0
1146,peanut,0
1146,sesame,0
1146,soy,0
1146,sulfite,0
1147,code,42330660
1147,nuts,0
1147,almondnuts,0
1147,brazil_nuts,0
1147,macadamia_nuts,0
1147,hazelnut,0
1147,pistachio,0
1147,walnut,0
1147,cashew,0
1147,celery,0
1147,crustaceans,0
1147,eggs,0
1147,fish,0
1147,gluten,2
1147,lupin,0
1147,milk,0
1147,molluscs,0
1147,mustard,0
1147,peanut,0
1147,sesame,0
1147,soy,0
1147,sulfite,0
350,code,4104420055360
350,nuts,1
350,almondnuts,1
350,brazil_nuts,0
350,macadamia_nuts,0
350,hazelnut,1
350,pistachio,0
350,walnut,0
350,cashew,0
350,celery,0
350,crustaceans,0
350,eggs,1
350,fish,0
350,gluten,2
350,lupin,0
350,milk,1
350,molluscs,0
350,mustard,0
350,peanut,0
350,sesame,1
350,soy,0
350,sulfite,0
351,code,4104420055360
351,nuts,1
351,almondnuts,1
351,brazil_nuts,0
351,macadamia_nuts,0
351,hazelnut,1
351,pistachio,0
351,walnut,0
351,cashew,0
351,celery,0
351,crustaceans,0
351,eggs,1
351,fish,0
351,gluten,2
351,lupin,0
351,milk,1
351,molluscs,0
351,mustard,0
351,peanut,0
351,sesame,1
351,soy,0
351,sulfite,0
250,code,4104420037427
250,nuts,0
250,almondnuts,0
250,brazil_nuts,0
250,macadamia_nuts,0
250,hazelnut,0
250,pistachio,0
250,walnut,0
250,cashew,0
250,celery,0
250,crustaceans,0
250,eggs,0
250,fish,0
250,gluten,0
250,lupin,0
250,milk,0
250,molluscs,0
250,mustard,0
250,peanut,0
250,sesame,0
250,soy,0
250,sulfite,0
251,code,4104420037427
251,nuts,0
251,almondnuts,0
251,brazil_nuts,0
251,macadamia_nuts,0
251,hazelnut,0
251,pistachio,0
251,walnut,0
251,cashew,0
251,celery,0
251,crustaceans,0
251,eggs,0
251,fish,0
251,gluten,0
251,lupin,0
251,milk,0
251,molluscs,0
251,mustard,0
251,peanut,0
251,sesame,0
251,soy,0
251,sulfite,0
192,code,4104420029569
192,nuts,1
192,almondnuts,1
192,brazil_nuts,0
192,macadamia_nuts,0
192,hazelnut,1
192,pistachio,0
192,walnut,0
192,cashew,0
192,celery,0
192,crustaceans,0
192,eggs,0
192,fish,0
192,gluten,0
192,lupin,0
192,milk,0
192,molluscs,0
192,mustard,0
192,peanut,0
192,sesame,1
192,soy,0
192,sulfite,0
193,code,4104420029569
193,nuts,1
193,almondnuts,1
193,brazil_nuts,0
193,macadamia_nuts,0
193,hazelnut,1
193,pistachio,0
193,walnut,0
193,cashew,0
193,celery,0
193,crustaceans,0
193,eggs,0
193,fish,0
193,gluten,0
193,lupin,0
193,milk,0
193,molluscs,0
193,mustard,0
193,peanut,0
193,sesame,1
193,soy,0
193,sulfite,0
10,code,4104420007963
10,nuts,2
10,almondnuts,1
10,brazil_nuts,0
10,macadamia_nuts,0
10,hazelnut,2
10,pistachio,0
10,walnut,0
10,cashew,2
10,celery,0
10,crustaceans,0
10,eggs,0
10,fish,0
10,gluten,1
10,lupin,0
10,milk,2
10,molluscs,0
10,mustard,0
10,peanut,0
10,sesame,0
10,soy,1
10,sulfite,0
11,code,4104420007963
11,nuts,2
11,almondnuts,1
11,brazil_nuts,0
11,macadamia_nuts,0
11,hazelnut,2
11,pistachio,0
11,walnut,0
11,cashew,2
11,celery,0
11,crustaceans,0
11,eggs,0
11,fish,0
11,gluten,1
11,lupin,0
11,milk,2
11,molluscs,0
11,mustard,0
11,peanut,0
11,sesame,0
11,soy,1
11,sulfite,0
222,code,4104420031708
222,nuts,0
222,almondnuts,0
222,brazil_nuts,0
222,macadamia_nuts,0
222,hazelnut,0
222,pistachio,0
222,walnut,0
222,cashew,0
222,celery,2
222,crustaceans,0
222,eggs,0
222,fish,0
222,gluten,0
222,lupin,0
222,milk,0
222,molluscs,0
222,mustard,1
222,peanut,0
222,sesame,0
222,soy,0
222,sulfite,0
223,code,4104420031708
223,nuts,0
223,almondnuts,0
223,brazil_nuts,0
223,macadamia_nuts,0
223,hazelnut,0
223,pistachio,0
223,walnut,0
223,cashew,0
223,celery,2
223,crustaceans,0
223,eggs,0
223,fish,0
223,gluten,0
223,lupin,0
223,milk,0
223,molluscs,0
223,mustard,1
223,peanut,0
223,sesame,0
223,soy,0
223,sulfite,0
862,code,4104420206618
862,nuts,0
862,almondnuts,0
862,brazil_nuts,0
862,macadamia_nuts,0
862,hazelnut,0
862,pistachio,0
862,walnut,0
862,cashew,0
862,celery,0
862,crustaceans,0
862,eggs,0
862,fish,0
862,gluten,0
862,lupin,0
862,milk,0
862,molluscs,0
862,mustard,0
862,peanut,0
862,sesame,0
862,soy,1
862,sulfite,0
863,code,4104420206618
863,nuts,0
863,almondnuts,0
863,brazil_nuts,0
863,macadamia_nuts,0
863,hazelnut,0
863,pistachio,0
863,walnut,0
863,cashew,0
863,celery,0
863,crustaceans,0
863,eggs,0
863,fish,0
863,gluten,0
863,lupin,0
863,milk,0
863,molluscs,0
863,mustard,0
863,peanut,0
863,sesame,0
863,soy,1
863,sulfite,0
962,code,4104420215856
962,nuts,0
962,almondnuts,0
962,brazil_nuts,0
962,macadamia_nuts,0
962,hazelnut,0
962,pistachio,0
962,walnut,0
962,cashew,0
962,celery,0
962,crustaceans,0
962,eggs,0
962,fish,0
962,gluten,0
962,lupin,0
962,milk,2
962,molluscs,0
962,mustard,0
962,peanut,0
962,sesame,0
962,soy,0
962,sulfite,0
963,code,4104420215856
963,nuts,0
963,almondnuts,0
963,brazil_nuts,0
963,macadamia_nuts,0
963,hazelnut,0
963,pistachio,0
963,walnut,0
963,cashew,0
963,celery,0
963,crustaceans,0
963,eggs,0
963,fish,0
963,gluten,0
963,lupin,0
963,milk,2
963,molluscs,0
963,mustard,0
963,peanut,0
963,sesame,0
963,soy,0
963,sulfite,0
120,code,4104420021327
120,nuts,0
120,almondnuts,0
120,brazil_nuts,0
120,macadamia_nuts,0
120,hazelnut,0
120,pistachio,0
120,walnut,0
120,cashew,0
120,celery,0
120,crustaceans,0
120,eggs,0
120,fish,0
120,gluten,0
120,lupin,0
120,milk,0
120,molluscs,0
120,mustard,0
120,peanut,0
120,sesame,0
120,soy,0
120,sulfite,0
121,code,4104420021327
121,nuts,0
121,almondnuts,0
121,brazil_nuts,0
121,macadamia_nuts,0
121,hazelnut,0
121,pistachio,0
121,walnut,0
121,cashew,0
121,celery,0
121,crustaceans,0
121,eggs,0
121,fish,0
121,gluten,0
121,lupin,0
121,milk,0
121,molluscs,0
121,mustard,0
121,peanut,0
121,sesame,0
121,soy,0
121,sulfite,0
744,code,4104420179417
744,nuts,0
744,almondnuts,0
744,brazil_nuts,0
744,macadamia_nuts,0
744,hazelnut,0
744,pistachio,0
744,walnut,0
744,cashew,0
744,celery,0
744,crustaceans,0
744,eggs,0
744,fish,0
744,gluten,0
744,lupin,0
744,milk,0
744,molluscs,0
744,mustard,0
744,peanut,0
744,sesame,0
744,soy,0
744,sulfite,0
745,code,4104420179417
745,nuts,0
745,almondnuts,0
745,brazil_nuts,0
745,macadamia_nuts,0
745,hazelnut,0
745,pistachio,0
745,walnut,0
745,cashew,0
745,celery,0
745,crustaceans,0
745,eggs,0
745,fish,0
745,gluten,0
745,lupin,0
745,milk,0
745,molluscs,0
745,mustard,0
745,peanut,0
745,sesame,0
745,soy,0
745,sulfite,0
684,code,4104420146860
684,nuts,0
684,almondnuts,0
684,brazil_nuts,0
684,macadamia_nuts,0
684,hazelnut,0
684,pistachio,0
684,walnut,0
684,cashew,0
684,celery,0
684,crustaceans,0
684,eggs,0
684,fish,0
684,gluten,0
684,lupin,0
684,milk,0
684,molluscs,0
684,mustard,0
684,peanut,0
684,sesame,0
684,soy,0
684,sulfite,0
685,code,4104420146860
685,nuts,0
685,almondnuts,0
685,brazil_nuts,0
685,macadamia_nuts,0
685,hazelnut,0
685,pistachio,0
685,walnut,0
685,cashew,0
685,celery,0
685,crustaceans,0
685,eggs,0
685,fish,0
685,gluten,0
685,lupin,0
685,milk,0
685,molluscs,0
685,mustard,0
685,peanut,0
685,sesame,0
685,soy,0
685,sulfite,0
1122,code,42239499
1122,nuts,2
1122,almondnuts,2
1122,brazil_nuts,0
1122,macadamia_nuts,0
1122,hazelnut,0
1122,pistachio,0
1122,walnut,0
1122,cashew,0
1122,celery,0
1122,crustaceans,0
1122,eggs,0
1122,fish,0
1122,gluten,2
1122,lupin,0
1122,milk,0
1122,molluscs,0
1122,mustard,0
1122,peanut,0
1122,sesame,0
1122,soy,2
1122,sulfite,0
1123,code,42239499
1123,nuts,2
1123,almondnuts,2
1123,brazil_nuts,0
1123,macadamia_nuts,0
1123,hazelnut,0
1123,pistachio,0
1123,walnut,0
1123,cashew,0
1123,celery,0
1123,crustaceans,0
1123,eggs,0
1123,fish,0
1123,gluten,2
1123,lupin,0
1123,milk,0
1123,molluscs,0
1123,mustard,0
1123,peanut,0
1123,sesame,0
1123,soy,2
1123,sulfite,0
36,code,4104420014701
36,nuts,0
36,almondnuts,0
36,brazil_nuts,0
36,macadamia_nuts,0
36,hazelnut,0
36,pistachio,0
36,walnut,0
36,cashew,0
36,celery,2
36,crustaceans,0
36,eggs,0
36,fish,0
36,gluten,2
36,lupin,0
36,milk,1
36,molluscs,0
36,mustard,0
36,peanut,0
36,sesame,0
36,soy,2
36,sulfite,0
37,code,4104420014701
37,nuts,0
37,almondnuts,0
37,brazil_nuts,0
37,macadamia_nuts,0
37,hazelnut,0
37,pistachio,0
37,walnut,0
37,cashew,0
37,celery,2
37,crustaceans,0
37,eggs,0
37,fish,0
37,gluten,2
37,lupin,0
37,milk,1
37,molluscs,0
37,mustard,0
37,peanut,0
37,sesame,0
37,soy,2
37,sulfite,0
190,code,4104420028708
190,nuts,0
190,almondnuts,0
190,brazil_nuts,0
190,macadamia_nuts,0
190,hazelnut,0
190,pistachio,0
190,walnut,0
190,cashew,0
190,celery,0
190,crustaceans,0
190,eggs,0
190,fish,0
190,gluten,0
190,lupin,0
190,milk,2
190,molluscs,0
190,mustard,0
190,peanut,0
190,sesame,0
190,soy,0
190,sulfite,0
191,code,4104420028708
191,nuts,0
191,almondnuts,0
191,brazil_nuts,0
191,macadamia_nuts,0
191,hazelnut,0
191,pistachio,0
191,walnut,0
191,cashew,0
191,celery,0
191,crustaceans,0
191,eggs,0
191,fish,0
191,gluten,0
191,lupin,0
191,milk,2
191,molluscs,0
191,mustard,0
191,peanut,0
191,sesame,0
191,soy,0
191,sulfite,0
174,code,4104420028326
174,nuts,0
174,almondnuts,0
174,brazil_nuts,0
174,macadamia_nuts,0
174,hazelnut,0
174,pistachio,0
174,walnut,0
174,cashew,0
174,celery,1
174,crustaceans,0
174,eggs,0
174,fish,0
174,gluten,0
174,lupin,0
174,milk,0
174,molluscs,0
174,mustard,1
174,peanut,0
174,sesame,0
174,soy,0
174,sulfite,0
175,code,4104420028326
175,nuts,0
175,almondnuts,0
175,brazil_nuts,0
175,macadamia_nuts,0
175,hazelnut,0
175,pistachio,0
175,walnut,0
175,cashew,0
175,celery,1
175,crustaceans,0
175,eggs,0
175,fish,0
175,gluten,0
175,lupin,0
175,milk,0
175,molluscs,0
175,mustard,1
175,peanut,0
175,sesame,0
175,soy,0
175,sulfite,0
804,code,4104420184039
804,nuts,2
804,almondnuts,0
804,brazil_nuts,0
804,macadamia_nuts,0
804,hazelnut,0
804,pistachio,0
804,walnut,0
804,cashew,2
804,celery,0
804,crustaceans,0
804,eggs,0
804,fish,0
804,gluten,0
804,lupin,0
804,milk,0
804,molluscs,0
804,mustard,0
804,peanut,0
804,sesame,0
804,soy,0
804,sulfite,0
805,code,4104420184039
805,nuts,2
805,almondnuts,0
805,brazil_nuts,0
805,macadamia_nuts,0
805,hazelnut,0
805,pistachio,0
805,walnut,0
805,cashew,2
805,celery,0
805,crustaceans,0
805,eggs,0
805,fish,0
805,gluten,0
805,lupin,0
805,milk,0
805,molluscs,0
805,mustard,0
805,peanut,0
805,sesame,0
805,soy,0
805,sulfite,0
156,code,4104420025066
156,nuts,2
156,almondnuts,1
156,brazil_nuts,0
156,macadamia_nuts,0
156,hazelnut,0
156,pistachio,0
156,walnut,2
156,cashew,0
156,celery,0
156,crustaceans,0
156,eggs,0
156,fish,0
156,gluten,0
156,lupin,0
156,milk,0
156,molluscs,0
156,mustard,0
156,peanut,1
156,sesame,0
156,soy,0
156,sulfite,0
157,code,4104420025066
157,nuts,2
157,almondnuts,1
157,brazil_nuts,0
157,macadamia_nuts,0
157,hazelnut,0
157,pistachio,0
157,walnut,2
157,cashew,0
157,celery,0
157,crustaceans,0
157,eggs,0
157,fish,0
157,gluten,0
157,lupin,0
157,milk,0
157,molluscs,0
157,mustard,0
157,peanut,1
157,sesame,0
157,soy,0
157,sulfite,0
854,code,4104420205444
854,nuts,1
854,almondnuts,0
854,brazil_nuts,0
854,macadamia_nuts,0
854,hazelnut,0
854,pistachio,0
854,walnut,0
854,cashew,1
854,celery,1
854,crustaceans,0
854,eggs,0
854,fish,0
854,gluten,0
854,lupin,0
854,milk,0
854,molluscs,0
854,mustard,0
854,peanut,0
854,sesame,1
854,soy,0
854,sulfite,0
855,code,4104420205444
855,nuts,1
855,almondnuts,0
855,brazil_nuts,0
855,macadamia_nuts,0
855,hazelnut,0
855,pistachio,0
855,walnut,0
855,cashew,1
855,celery,1
855,crustaceans,0
855,eggs,0
855,fish,0
855,gluten,0
855,lupin,0
855,milk,0
855,molluscs,0
855,mustard,0
855,peanut,0
855,sesame,1
855,soy,0
855,sulfite,0
382,code,4104420056343
382,nuts,0
382,almondnuts,0
382,brazil_nuts,0
382,macadamia_nuts,0
382,hazelnut,0
382,pistachio,0
382,walnut,0
382,cashew,0
382,celery,0
382,crustaceans,0
382,eggs,0
382,fish,0
382,gluten,2
382,lupin,0
382,milk,0
382,molluscs,0
382,mustard,0
382,peanut,0
382,sesame,1
382,soy,0
382,sulfite,0
383,code,4104420056343
383,nuts,0
383,almondnuts,0
383,brazil_nuts,0
383,macadamia_nuts,0
383,hazelnut,0
383,pistachio,0
383,walnut,0
383,cashew,0
383,celery,0
383,crustaceans,0
383,eggs,0
383,fish,0
383,gluten,2
383,lupin,0
383,milk,0
383,molluscs,0
383,mustard,0
383,peanut,0
383,sesame,1
383,soy,0
383,sulfite,0
314,code,4104420053083
314,nuts,1
314,almondnuts,1
314,brazil_nuts,1
314,macadamia_nuts,0
314,hazelnut,1
314,pistachio,0
314,walnut,0
314,cashew,0
314,celery,0
314,crustaceans,0
314,eggs,1
314,fish,0
314,gluten,2
314,lupin,0
314,milk,1
314,molluscs,0
314,mustard,0
314,peanut,0
314,sesame,1
314,soy,2
314,sulfite,0
315,code,4104420053083
315,nuts,1
315,almondnuts,1
315,brazil_nuts,1
315,macadamia_nuts,0
315,hazelnut,1
315,pistachio,0
315,walnut,0
315,cashew,0
315,celery,0
315,crustaceans,0
315,eggs,1
315,fish,0
315,gluten,2
315,lupin,0
315,milk,1
315,molluscs,0
315,mustard,0
315,peanut,0
315,sesame,1
315,soy,2
315,sulfite,0
592,code,4104420140660
592,nuts,1
592,almondnuts,1
592,brazil_nuts,0
592,macadamia_nuts,0
592,hazelnut,0
592,pistachio,0
592,walnut,0
592,cashew,0
592,celery,1
592,crustaceans,0
592,eggs,0
592,fish,0
592,gluten,2
592,lupin,0
592,milk,1
592,molluscs,0
592,mustard,0
592,peanut,0
592,sesame,1
592,soy,1
592,sulfite,0
593,code,4104420140660
593,nuts,1
593,almondnuts,1
593,brazil_nuts,0
593,macadamia_nuts,0
593,hazelnut,0
593,pistachio,0
593,walnut,0
593,cashew,0
593,celery,1
593,crustaceans,0
593,eggs,0
593,fish,0
593,gluten,2
593,lupin,0
593,milk,1
593,molluscs,0
593,mustard,0
593,peanut,0
593,sesame,1
593,soy,1
593,sulfite,0
830,code,4104420188174
830,nuts,0
830,almondnuts,0
830,brazil_nuts,0
830,macadamia_nuts,0
830,hazelnut,0
830,pistachio,0
830,walnut,0
830,cashew,0
830,celery,0
830,crustaceans,0
830,eggs,0
830,fish,0
830,gluten,0
830,lupin,0
830,milk,1
830,molluscs,0
830,mustard,0
830,peanut,0
830,sesame,0
830,soy,1
830,sulfite,0
831,code,4104420188174
831,nuts,0
831,almondnuts,0
831,brazil_nuts,0
831,macadamia_nuts,0
831,hazelnut,0
831,pistachio,0
831,walnut,0
831,cashew,0
831,celery,0
831,crustaceans,0
831,eggs,0
831,fish,0
831,gluten,0
831,lupin,0
831,milk,1
831,molluscs,0
831,mustard,0
831,peanut,0
831,sesame,0
831,soy,1
831,sulfite,0
176,code,4104420028364
176,nuts,0
176,almondnuts,0
176,brazil_nuts,0
176,macadamia_nuts,0
176,hazelnut,0
176,pistachio,0
176,walnut,0
176,cashew,0
176,celery,0
176,crustaceans,0
176,eggs,0
176,fish,0
176,gluten,0
176,lupin,0
176,milk,0
176,molluscs,0
176,mustard,0
176,peanut,0
176,sesame,0
176,soy,0
176,sulfite,0
177,code,4104420028364
177,nuts,0
177,almondnuts,0
177,brazil_nuts,0
177,macadamia_nuts,0
177,hazelnut,0
177,pistachio,0
177,walnut,0
177,cashew,0
177,celery,0
177,crustaceans,0
177,eggs,0
177,fish,0
177,gluten,0
177,lupin,0
177,milk,0
177,molluscs,0
177,mustard,0
177,peanut,0
177,sesame,0
177,soy,0
177,sulfite,0
70,code,4104420016781
70,nuts,1
70,almondnuts,1
70,brazil_nuts,0
70,macadamia_nuts,0
70,hazelnut,0
70,pistachio,0
70,walnut,0
70,cashew,0
70,celery,0
70,crustaceans,0
70,eggs,0
70,fish,0
70,gluten,2
70,lupin,1
70,milk,1
70,molluscs,0
70,mustard,0
70,peanut,1
70,sesame,1
70,soy,1
70,sulfite,0
71,code,4104420016781
71,nuts,1
71,almondnuts,1
71,brazil_nuts,0
71,macadamia_nuts,0
71,hazelnut,0
71,pistachio,0
71,walnut,0
71,cashew,0
71,celery,0
71,crustaceans,0
71,eggs,0
71,fish,0
71,gluten,2
71,lupin,1
71,milk,1
71,molluscs,0
71,mustard,0
71,peanut,1
71,sesame,1
71,soy,1
71,sulfite,0
322,code,4104420053489
322,nuts,1
322,almondnuts,0
322,brazil_nuts,0
322,macadamia_nuts,0
322,hazelnut,0
322,pistachio,0
322,walnut,0
322,cashew,0
322,celery,0
322,crustaceans,0
322,eggs,0
322,fish,0
322,gluten,0
322,lupin,0
322,milk,2
322,molluscs,0
322,mustard,0
322,peanut,0
322,sesame,2
322,soy,1
322,sulfite,0
323,code,4104420053489
323,nuts,1
323,almondnuts,0
323,brazil_nuts,0
323,macadamia_nuts,0
323,hazelnut,0
323,pistachio,0
323,walnut,0
323,cashew,0
323,celery,0
323,crustaceans,0
323,eggs,0
323,fish,0
323,gluten,0
323,lupin,0
323,milk,2
323,molluscs,0
323,mustard,0
323,peanut,0
323,sesame,2
323,soy,1
323,sulfite,0
122,code,4104420021785
122,nuts,0
122,almondnuts,0
122,brazil_nuts,0
122,macadamia_nuts,0
122,hazelnut,0
122,pistachio,0
122,walnut,0
122,cashew,0
122,celery,0
122,crustaceans,0
122,eggs,0
122,fish,0
122,gluten,0
122,lupin,0
122,milk,0
122,molluscs,0
122,mustard,0
122,peanut,0
122,sesame,0
122,soy,0
122,sulfite,0
123,code,4104420021785
123,nuts,0
123,almondnuts,0
123,brazil_nuts,0
123,macadamia_nuts,0
123,hazelnut,0
123,pistachio,0
123,walnut,0
123,cashew,0
123,celery,0
123,crustaceans,0
123,eggs,0
123,fish,0
123,gluten,0
123,lupin,0
123,milk,0
123,molluscs,0
123,mustard,0
123,peanut,0
123,sesame,0
123,soy,0
123,sulfite,0
432,code,4104420073548
432,nuts,0
432,almondnuts,0
432,brazil_nuts,0
432,macadamia_nuts,0
432,hazelnut,0
432,pistachio,0
432,walnut,0
432,cashew,0
432,celery,0
432,crustaceans,0
432,eggs,0
432,fish,0
432,gluten,0
432,lupin,0
432,milk,2
432,molluscs,0
432,mustard,0
432,peanut,0
432,sesame,0
432,soy,0
432,sulfite,0
433,code,4104420073548
433,nuts,0
433,almondnuts,0
433,brazil_nuts,0
433,macadamia_nuts,0
433,hazelnut,0
433,pistachio,0
433,walnut,0
433,cashew,0
433,celery,0
433,crustaceans,0
433,eggs,0
433,fish,0
433,gluten,0
433,lupin,0
433,milk,2
433,molluscs,0
433,mustard,0
433,peanut,0
433,sesame,0
433,soy,0
433,sulfite,0
580,code,4104420138681
580,nuts,0
580,almondnuts,0
580,brazil_nuts,0
580,macadamia_nuts,0
580,hazelnut,0
580,pistachio,0
580,walnut,0
580,cashew,0
580,celery,0
580,crustaceans,0
580,eggs,0
580,fish,0
580,gluten,2
580,lupin,0
580,milk,0
580,molluscs,0
580,mustard,0
580,peanut,0
580,sesame,0
580,soy,0
580,sulfite,0
581,code,4104420138681
581,nuts,0
581,almondnuts,0
581,brazil_nuts,0
581,macadamia_nuts,0
581,hazelnut,0
581,pistachio,0
581,walnut,0
581,cashew,0
581,celery,0
581,crustaceans,0
581,eggs,0
581,fish,0
581,gluten,2
581,lupin,0
581,milk,0
581,molluscs,0
581,mustard,0
581,peanut,0
581,sesame,0
581,soy,0
581,sulfite,0
290,code,4104420045286
290,nuts,0
290,almondnuts,0
290,brazil_nuts,0
290,macadamia_nuts,0
290,hazelnut,0
290,pistachio,0
290,walnut,0
290,cashew,0
290,celery,0
290,crustaceans,0
290,eggs,0
290,fish,0
290,gluten,0
290,lupin,0
290,milk,0
290,molluscs,0
290,mustard,0
290,peanut,0
290,sesame,0
290,soy,0
290,sulfite,0
291,code,4104420045286
291,nuts,0
291,almondnuts,0
291,brazil_nuts,0
291,macadamia_nuts,0
291,hazelnut,0
291,pistachio,0
291,walnut,0
291,cashew,0
291,celery,0
291,crustaceans,0
291,eggs,0
291,fish,0
291,gluten,0
291,lupin,0
291,milk,0
291,molluscs,0
291,mustard,0
291,peanut,0
291,sesame,0
291,soy,0
291,sulfite,0
902,code,4104420209756
902,nuts,0
902,almondnuts,0
902,brazil_nuts,0
902,macadamia_nuts,0
902,hazelnut,0
902,pistachio,0
902,walnut,0
902,cashew,0
902,celery,0
902,crustaceans,0
902,eggs,0
902,fish,0
902,gluten,0
902,lupin,0
902,milk,2
902,molluscs,0
902,mustard,0
902,peanut,0
902,sesame,0
902,soy,0
902,sulfite,0
903,code,4104420209756
903,nuts,0
903,almondnuts,0
903,brazil_nuts,0
903,macadamia_nuts,0
903,hazelnut,0
903,pistachio,0
903,walnut,0
903,cashew,0
903,celery,0
903,crustaceans,0
903,eggs,0
903,fish,0
903,gluten,0
903,lupin,0
903,milk,2
903,molluscs,0
903,mustard,0
903,peanut,0
903,sesame,0
903,soy,0
903,sulfite,0
348,code,4104420055209
348,nuts,2
348,almondnuts,1
348,brazil_nuts,1
348,macadamia_nuts,0
348,hazelnut,2
348,pistachio,0
348,walnut,0
348,cashew,0
348,celery,0
348,crustaceans,0
348,eggs,1
348,fish,0
348,gluten,2
348,lupin,0
348,milk,1
348,molluscs,0
348,mustard,0
348,peanut,0
348,sesame,1
348,soy,2
348,sulfite,0
349,code,4104420055209
349,nuts,2
349,almondnuts,1
349,brazil_nuts,1
349,macadamia_nuts,0
349,hazelnut,2
349,pistachio,0
349,walnut,0
349,cashew,0
349,celery,0
349,crustaceans,0
349,eggs,1
349,fish,0
349,gluten,2
349,lupin,0
349,milk,1
349,molluscs,0
349,mustard,0
349,peanut,0
349,sesame,1
349,soy,2
349,sulfite,0
400,code,4104420057487
400,nuts,0
400,almondnuts,0
400,brazil_nuts,0
400,macadamia_nuts,0
400,hazelnut,0
400,pistachio,0
400,walnut,0
400,cashew,0
400,celery,0
400,crustaceans,0
400,eggs,0
400,fish,0
400,gluten,0
400,lupin,0
400,milk,1
400,molluscs,0
400,mustard,0
400,peanut,0
400,sesame,1
400,soy,1
400,sulfite,0
401,code,4104420057487
401,nuts,0
401,almondnuts,0
401,brazil_nuts,0
401,macadamia_nuts,0
401,hazelnut,0
401,pistachio,0
401,walnut,0
401,cashew,0
401,celery,0
401,crustaceans,0
401,eggs,0
401,fish,0
401,gluten,0
401,lupin,0
401,milk,1
401,molluscs,0
401,mustard,0
401,peanut,0
401,sesame,1
401,soy,1
401,sulfite,0
216,code,4104420031647
216,nuts,0
216,almondnuts,0
216,brazil_nuts,0
216,macadamia_nuts,0
216,hazelnut,0
216,pistachio,0
216,walnut,0
216,cashew,0
216,celery,0
216,crustaceans,0
216,eggs,0
216,fish,0
216,gluten,0
216,lupin,0
216,milk,0
216,molluscs,0
216,mustard,0
216,peanut,0
216,sesame,0
216,soy,0
216,sulfite,0
217,code,4104420031647
217,nuts,0
217,almondnuts,0
217,brazil_nuts,0
217,macadamia_nuts,0
217,hazelnut,0
217,pistachio,0
217,walnut,0
217,cashew,0
217,celery,0
217,crustaceans,0
217,eggs,0
217,fish,0
217,gluten,0
217,lupin,0
217,milk,0
217,molluscs,0
217,mustard,0
217,peanut,0
217,sesame,0
217,soy,0
217,sulfite,0
264,code,4104420038103
264,nuts,0
264,almondnuts,0
264,brazil_nuts,0
264,macadamia_nuts,0
264,hazelnut,0
264,pistachio,0
264,walnut,0
264,cashew,0
264,celery,0
264,crustaceans,0
264,eggs,0
264,fish,0
264,gluten,0
264,lupin,0
264,milk,0
264,molluscs,0
264,mustard,0
264,peanut,0
264,sesame,0
264,soy,0
264,sulfite,0
265,code,4104420038103
265,nuts,0
265,almondnuts,0
265,brazil_nuts,0
265,macadamia_nuts,0
265,hazelnut,0
265,pistachio,0
265,walnut,0
265,cashew,0
265,celery,0
265,crustaceans,0
265,eggs,0
265,fish,0
265,gluten,0
265,lupin,0
265,milk,0
265,molluscs,0
265,mustard,0
265,peanut,0
265,sesame,0
265,soy,0
265,sulfite,0
656,code,4104420145122
656,nuts,0
656,almondnuts,0
656,brazil_nuts,0
656,macadamia_nuts,0
656,hazelnut,0
656,pistachio,0
656,walnut,0
656,cashew,0
656,celery,0
656,crustaceans,0
656,eggs,0
656,fish,0
656,gluten,0
656,lupin,0
656,milk,0
656,molluscs,0
656,mustard,0
656,peanut,0
656,sesame,0
656,soy,0
656,sulfite,0
657,code,4104420145122
657,nuts,0
657,almondnuts,0
657,brazil_nuts,0
657,macadamia_nuts,0
657,hazelnut,0
657,pistachio,0
657,walnut,0
657,cashew,0
657,celery,0
657,crustaceans,0
657,eggs,0
657,fish,0
657,gluten,0
657,lupin,0
657,milk,0
657,molluscs,0
657,mustard,0
657,peanut,0
657,sesame,0
657,soy,0
657,sulfite,0
378,code,4104420056244
378,nuts,0
378,almondnuts,0
378,brazil_nuts,0
378,macadamia_nuts,0
378,hazelnut,0
378,pistachio,0
378,walnut,0
378,cashew,0
378,celery,0
378,crustaceans,0
378,eggs,0
378,fish,0
378,gluten,2
378,lupin,0
378,milk,0
378,molluscs,0
378,mustard,0
378,peanut,0
378,sesame,2
378,soy,0
378,sulfite,0
379,code,4104420056244
379,nuts,0
379,almondnuts,0
379,brazil_nuts,0
379,macadamia_nuts,0
379,hazelnut,0
379,pistachio,0
379,walnut,0
379,cashew,0
379,celery,0
379,crustaceans,0
379,eggs,0
379,fish,0
379,gluten,2
379,lupin,0
379,milk,0
379,molluscs,0
379,mustard,0
379,peanut,0
379,sesame,2
379,soy,0
379,sulfite,0
640,code,4104420142787
640,nuts,1
640,almondnuts,1
640,brazil_nuts,0
640,macadamia_nuts,0
640,hazelnut,0
640,pistachio,0
640,walnut,0
640,cashew,0
640,celery,0
640,crustaceans,0
640,eggs,0
640,fish,0
640,gluten,1
640,lupin,0
640,milk,0
640,molluscs,0
640,mustard,0
640,peanut,1
640,sesame,1
640,soy,1
640,sulfite,0
641,code,4104420142787
641,nuts,1
641,almondnuts,1
641,brazil_nuts,0
641,macadamia_nuts,0
641,hazelnut,0
641,pistachio,0
641,walnut,0
641,cashew,0
641,celery,0
641,crustaceans,0
641,eggs,0
641,fish,0
641,gluten,1
641,lupin,0
641,milk,0
641,molluscs,0
641,mustard,0
641,peanut,1
641,sesame,1
641,soy,1
641,sulfite,0
126,code,4104420022287
126,nuts,0
126,almondnuts,0
126,brazil_nuts,0
126,macadamia_nuts,0
126,hazelnut,0
126,pistachio,0
126,walnut,0
126,cashew,0
126,celery,0
126,crustaceans,0
126,eggs,0
126,fish,0
126,gluten,2
126,lupin,0
126,milk,0
126,molluscs,0
126,mustard,0
126,peanut,0
126,sesame,1
126,soy,1
126,sulfite,0
127,code,4104420022287
127,nuts,0
127,almondnuts,0
127,brazil_nuts,0
127,macadamia_nuts,0
127,hazelnut,0
127,pistachio,0
127,walnut,0
127,cashew,0
127,celery,0
127,crustaceans,0
127,eggs,0
127,fish,0
127,gluten,2
127,lupin,0
127,milk,0
127,molluscs,0
127,mustard,0
127,peanut,0
127,sesame,1
127,soy,1
127,sulfite,0
896,code,4104420209466
896,nuts,1
896,almondnuts,1
896,brazil_nuts,0
896,macadamia_nuts,0
896,hazelnut,0
896,pistachio,0
896,walnut,0
896,cashew,0
896,celery,0
896,crustaceans,0
896,eggs,1
896,fish,0
896,gluten,2
896,lupin,0
896,milk,1
896,molluscs,0
896,mustard,0
896,peanut,0
896,sesame,1
896,soy,1
896,sulfite,0
897,code,4104420209466
897,nuts,1
897,almondnuts,1
897,brazil_nuts,0
897,macadamia_nuts,0
897,hazelnut,0
897,pistachio,0
897,walnut,0
897,cashew,0
897,celery,0
897,crustaceans,0
897,eggs,1
897,fish,0
897,gluten,2
897,lupin,0
897,milk,1
897,molluscs,0
897,mustard,0
897,peanut,0
897,sesame,1
897,soy,1
897,sulfite,0
1154,code,42373186
1154,nuts,1
1154,almondnuts,1
1154,brazil_nuts,0
1154,macadamia_nuts,0
1154,hazelnut,0
1154,pistachio,0
1154,walnut,0
1154,cashew,0
1154,celery,0
1154,crustaceans,0
1154,eggs,0
1154,fish,0
1154,gluten,2
1154,lupin,0
1154,milk,0
1154,molluscs,0
1154,mustard,0
1154,peanut,0
1154,sesame,0
1154,soy,1
1154,sulfite,0
1155,code,42373186
1155,nuts,1
1155,almondnuts,1
1155,brazil_nuts,0
1155,macadamia_nuts,0
1155,hazelnut,0
1155,pistachio,0
1155,walnut,0
1155,cashew,0
1155,celery,0
1155,crustaceans,0
1155,eggs,0
1155,fish,0
1155,gluten,2
1155,lupin,0
1155,milk,0
1155,molluscs,0
1155,mustard,0
1155,peanut,0
1155,sesame,0
1155,soy,1
1155,sulfite,0
160,code,4104420025547
160,nuts,2
160,almondnuts,2
160,brazil_nuts,0
160,macadamia_nuts,0
160,hazelnut,0
160,pistachio,0
160,walnut,0
160,cashew,0
160,celery,0
160,crustaceans,0
160,eggs,0
160,fish,0
160,gluten,0
160,lupin,0
160,milk,0
160,molluscs,0
160,mustard,0
160,peanut,1
160,sesame,0
160,soy,0
160,sulfite,0
161,code,4104420025547
161,nuts,2
161,almondnuts,2
161,brazil_nuts,0
161,macadamia_nuts,0
161,hazelnut,0
161,pistachio,0
161,walnut,0
161,cashew,0
161,celery,0
161,crustaceans,0
161,eggs,0
161,fish,0
161,gluten,0
161,lupin,0
161,milk,0
161,molluscs,0
161,mustard,0
161,peanut,1
161,sesame,0
161,soy,0
161,sulfite,0
1008,code,4104420220355
1008,nuts,0
1008,almondnuts,0
1008,brazil_nuts,0
1008,macadamia_nuts,0
1008,hazelnut,0
1008,pistachio,0
1008,walnut,0
1008,cashew,0
1008,celery,0
1008,crustaceans,0
1008,eggs,0
1008,fish,0
1008,gluten,0
1008,lupin,0
1008,milk,2
1008,molluscs,0
1008,mustard,0
1008,peanut,0
1008,sesame,0
1008,soy,0
1008,sulfite,0
1009,code,4104420220355
1009,nuts,0
1009,almondnuts,0
1009,brazil_nuts,0
1009,macadamia_nuts,0
1009,hazelnut,0
1009,pistachio,0
1009,walnut,0
1009,cashew,0
1009,celery,0
1009,crustaceans,0
1009,eggs,0
1009,fish,0
1009,gluten,0
1009,lupin,0
1009,milk,2
1009,molluscs,0
1009,mustard,0
1009,peanut,0
1009,sesame,0
1009,soy,0
1009,sulfite,0
1092,code,4104420225800
1092,nuts,2
1092,almondnuts,2
1092,brazil_nuts,0
1092,macadamia_nuts,0
1092,hazelnut,2
1092,pistachio,0
1092,walnut,0
1092,cashew,0
1092,celery,0
1092,crustaceans,0
1092,eggs,1
1092,fish,0
1092,gluten,2
1092,lupin,0
1092,milk,1
1092,molluscs,0
1092,mustard,0
1092,peanut,0
1092,sesame,1
1092,soy,1
1092,sulfite,0
1093,code,4104420225800
1093,nuts,2
1093,almondnuts,2
1093,brazil_nuts,0
1093,macadamia_nuts,0
1093,hazelnut,2
1093,pistachio,0
1093,walnut,0
1093,cashew,0
1093,celery,0
1093,crustaceans,0
1093,eggs,1
1093,fish,0
1093,gluten,2
1093,lupin,0
1093,milk,1
1093,molluscs,0
1093,mustard,0
1093,peanut,0
1093,sesame,1
1093,soy,1
1093,sulfite,0
372,code,4104420056121
372,nuts,1
372,almondnuts,0
372,brazil_nuts,0
372,macadamia_nuts,0
372,hazelnut,0
372,pistachio,0
372,walnut,0
372,cashew,0
372,celery,0
372,crustaceans,0
372,eggs,0
372,fish,0
372,gluten,2
372,lupin,0
372,milk,1
372,molluscs,0
372,mustard,0
372,peanut,0
372,sesame,1
372,soy,1
372,sulfite,0
373,code,4104420056121
373,nuts,1
373,almondnuts,0
373,brazil_nuts,0
373,macadamia_nuts,0
373,hazelnut,0
373,pistachio,0
373,walnut,0
373,cashew,0
373,celery,0
373,crustaceans,0
373,eggs,0
373,fish,0
373,gluten,2
373,lupin,0
373,milk,1
373,molluscs,0
373,mustard,0
373,peanut,0
373,sesame,1
373,soy,1
373,sulfite,0
562,code,4104420136564
562,nuts,1
562,almondnuts,1
562,brazil_nuts,0
562,macadamia_nuts,0
562,hazelnut,0
562,pistachio,0
562,walnut,0
562,cashew,0
562,celery,0
562,crustaceans,0
562,eggs,0
562,fish,0
562,gluten,2
562,lupin,0
562,milk,1
562,molluscs,0
562,mustard,0
562,peanut,0
562,sesame,1
562,soy,1
562,sulfite,0
563,code,4104420136564
563,nuts,1
563,almondnuts,1
563,brazil_nuts,0
563,macadamia_nuts,0
563,hazelnut,0
563,pistachio,0
563,walnut,0
563,cashew,0
563,celery,0
563,crustaceans,0
563,eggs,0
563,fish,0
563,gluten,2
563,lupin,0
563,milk,1
563,molluscs,0
563,mustard,0
563,peanut,0
563,sesame,1
563,soy,1
563,sulfite,0
706,code,4104420173514
706,nuts,0
706,almondnuts,0
706,brazil_nuts,0
706,macadamia_nuts,0
706,hazelnut,0
706,pistachio,0
706,walnut,0
706,cashew,0
706,celery,0
706,crustaceans,0
706,eggs,0
706,fish,0
706,gluten,0
706,lupin,0
706,milk,0
706,molluscs,0
706,mustard,0
706,peanut,0
706,sesame,0
706,soy,0
706,sulfite,0
707,code,4104420173514
707,nuts,0
707,almondnuts,0
707,brazil_nuts,0
707,macadamia_nuts,0
707,hazelnut,0
707,pistachio,0
707,walnut,0
707,cashew,0
707,celery,0
707,crustaceans,0
707,eggs,0
707,fish,0
707,gluten,0
707,lupin,0
707,milk,0
707,molluscs,0
707,mustard,0
707,peanut,0
707,sesame,0
707,soy,0
707,sulfite,0
826,code,4104420187412
826,nuts,0
826,almondnuts,0
826,brazil_nuts,0
826,macadamia_nuts,0
826,hazelnut,0
826,pistachio,0
826,walnut,0
826,cashew,0
826,celery,1
826,crustaceans,0
826,eggs,0
826,fish,0
826,gluten,1
826,lupin,0
826,milk,1
826,molluscs,0
826,mustard,1
826,peanut,0
826,sesame,0
826,soy,1
826,sulfite,0
827,code,4104420187412
827,nuts,0
827,almondnuts,0
827,brazil_nuts,0
827,macadamia_nuts,0
827,hazelnut,0
827,pistachio,0
827,walnut,0
827,cashew,0
827,celery,1
827,crustaceans,0
827,eggs,0
827,fish,0
827,gluten,1
827,lupin,0
827,milk,1
827,molluscs,0
827,mustard,1
827,peanut,0
827,sesame,0
827,soy,1
827,sulfite,0
950,code,4104420214620
950,nuts,0
950,almondnuts,0
950,brazil_nuts,0
950,macadamia_nuts,0
950,hazelnut,0
950,pistachio,0
950,walnut,0
950,cashew,0
950,celery,0
950,crustaceans,0
950,eggs,0
950,fish,0
950,gluten,0
950,lupin,0
950,milk,0
950,molluscs,0
950,mustard,0
950,peanut,0
950,sesame,0
950,soy,0
950,sulfite,0
951,code,4104420214620
951,nuts,0
951,almondnuts,0
951,brazil_nuts,0
951,macadamia_nuts,0
951,hazelnut,0
951,pistachio,0
951,walnut,0
951,cashew,0
951,celery,0
951,crustaceans,0
951,eggs,0
951,fish,0
951,gluten,0
951,lupin,0
951,milk,0
951,molluscs,0
951,mustard,0
951,peanut,0
951,sesame,0
951,soy,0
951,sulfite,0
842,code,4104420204225
842,nuts,0
842,almondnuts,0
842,brazil_nuts,0
842,macadamia_nuts,0
842,hazelnut,0
842,pistachio,0
842,walnut,0
842,cashew,0
842,celery,0
842,crustaceans,0
842,eggs,0
842,fish,0
842,gluten,0
842,lupin,0
842,milk,0
842,molluscs,0
842,mustard,0
842,peanut,0
842,sesame,0
842,soy,0
842,sulfite,0
843,code,4104420204225
843,nuts,0
843,almondnuts,0
843,brazil_nuts,0
843,macadamia_nuts,0
843,hazelnut,0
843,pistachio,0
843,walnut,0
843,cashew,0
843,celery,0
843,crustaceans,0
843,eggs,0
843,fish,0
843,gluten,0
843,lupin,0
843,milk,0
843,molluscs,0
843,mustard,0
843,peanut,0
843,sesame,0
843,soy,0
843,sulfite,0
638,code,4104420142640
638,nuts,0
638,almondnuts,0
638,brazil_nuts,0
638,macadamia_nuts,0
638,hazelnut,0
638,pistachio,0
638,walnut,0
638,cashew,0
638,celery,0
638,crustaceans,0
638,eggs,0
638,fish,0
638,gluten,0
638,lupin,0
638,milk,0
638,molluscs,0
638,mustard,0
638,peanut,0
638,sesame,2
638,soy,0
638,sulfite,0
639,code,4104420142640
639,nuts,0
639,almondnuts,0
639,brazil_nuts,0
639,macadamia_nuts,0
639,hazelnut,0
639,pistachio,0
639,walnut,0
639,cashew,0
639,celery,0
639,crustaceans,0
639,eggs,0
639,fish,0
639,gluten,0
639,lupin,0
639,milk,0
639,molluscs,0
639,mustard,0
639,peanut,0
639,sesame,2
639,soy,0
639,sulfite,0
736,code,4104420179080
736,nuts,1
736,almondnuts,1
736,brazil_nuts,0
736,macadamia_nuts,0
736,hazelnut,0
736,pistachio,0
736,walnut,0
736,cashew,0
736,celery,0
736,crustaceans,0
736,eggs,0
736,fish,0
736,gluten,2
736,lupin,0
736,milk,2
736,molluscs,0
736,mustard,0
736,peanut,0
736,sesame,0
736,soy,1
736,sulfite,0
737,code,4104420179080
737,nuts,1
737,almondnuts,1
737,brazil_nuts,0
737,macadamia_nuts,0
737,hazelnut,0
737,pistachio,0
737,walnut,0
737,cashew,0
737,celery,0
737,crustaceans,0
737,eggs,0
737,fish,0
737,gluten,2
737,lupin,0
737,milk,2
737,molluscs,0
737,mustard,0
737,peanut,0
737,sesame,0
737,soy,1
737,sulfite,0
872,code,4104420207325
872,nuts,2
872,almondnuts,2
872,brazil_nuts,0
872,macadamia_nuts,0
872,hazelnut,0
872,pistachio,0
872,walnut,0
872,cashew,0
872,celery,0
872,crustaceans,0
872,eggs,0
872,fish,0
872,gluten,0
872,lupin,0
872,milk,0
872,molluscs,0
872,mustard,0
872,peanut,0
872,sesame,0
872,soy,0
872,sulfite,0
873,code,4104420207325
873,nuts,2
873,almondnuts,2
873,brazil_nuts,0
873,macadamia_nuts,0
873,hazelnut,0
873,pistachio,0
873,walnut,0
873,cashew,0
873,celery,0
873,crustaceans,0
873,eggs,0
873,fish,0
873,gluten,0
873,lupin,0
873,milk,0
873,molluscs,0
873,mustard,0
873,peanut,0
873,sesame,0
873,soy,0
873,sulfite,0
166,code,4104420026704
166,nuts,2
166,almondnuts,1
166,brazil_nuts,0
166,macadamia_nuts,0
166,hazelnut,0
166,pistachio,0
166,walnut,0
166,cashew,2
166,celery,0
166,crustaceans,0
166,eggs,0
166,fish,0
166,gluten,0
166,lupin,0
166,milk,0
166,molluscs,0
166,mustard,0
166,peanut,1
166,sesame,0
166,soy,0
166,sulfite,0
167,code,4104420026704
167,nuts,2
167,almondnuts,1
167,brazil_nuts,0
167,macadamia_nuts,0
167,hazelnut,0
167,pistachio,0
167,walnut,0
167,cashew,2
167,celery,0
167,crustaceans,0
167,eggs,0
167,fish,0
167,gluten,0
167,lupin,0
167,milk,0
167,molluscs,0
167,mustard,0
167,peanut,1
167,sesame,0
167,soy,0
167,sulfite,0
1054,code,4104420222748
1054,nuts,2
1054,almondnuts,1
1054,brazil_nuts,0
1054,macadamia_nuts,0
1054,hazelnut,2
1054,pistachio,1
1054,walnut,0
1054,cashew,0
1054,celery,0
1054,crustaceans,0
1054,eggs,0
1054,fish,0
1054,gluten,1
1054,lupin,0
1054,milk,2
1054,molluscs,0
1054,mustard,0
1054,peanut,0
1054,sesame,0
1054,soy,0
1054,sulfite,0
1055,code,4104420222748
1055,nuts,2
1055,almondnuts,1
1055,brazil_nuts,0
1055,macadamia_nuts,0
1055,hazelnut,2
1055,pistachio,1
1055,walnut,0
1055,cashew,0
1055,celery,0
1055,crustaceans,0
1055,eggs,0
1055,fish,0
1055,gluten,1
1055,lupin,0
1055,milk,2
1055,molluscs,0
1055,mustard,0
1055,peanut,0
1055,sesame,0
1055,soy,0
1055,sulfite,0